,,,,,,,,,,,,,,,,,,,,,,,,,,,,,,
Geography,,,,,,Total Population,,,,,Hispanic/Latino (of any race),,,,,White non-Hispanic,,,,,Black non-Hispanic,,,,,Asian non-Hispanic,,,,
Orig Order,GeoType,Borough,GeoID,Name,NTA Type,Pop_10,Pop_20,Pop Change,Natural Change,Net Migration,Hsp_10,Hsp_20,Pop Change,Natural Change,Net Migration,WNH_10,WNH_20,Pop Change,Natural Change,Net Migration,BNH_10,BNH_20,Pop Change,Natural Change,Net Migration,ANH_10,ANH_20,Pop Change,Natural Change,Net Migration
1,NYC,New York City,0,NYC (adjusted for citywide total population in 2010),,"8,242,624","8,804,190","561,566","612,638","-51,072","2,336,076","2,490,350","154,274","242,213","-87,939","2,722,904","2,719,856","-3,048","126,719","-129,767","1,861,295","1,776,891","-84,404","87,308","-171,712","1,028,119","1,373,502","345,383","148,946","196,437"
2,Boro,Manhattan,1,Manhattan,,"1,585,873","1,694,251","108,378","81,949","26,429","403,577","402,640",-937,"24,328","-25,265","761,493","793,294","31,801","38,086","-6,285","205,340","199,592","-5,748","-1,153","-4,595","177,624","219,624","42,000","19,511","22,489"
3,Boro,Bronx,2,Bronx,,"1,385,108","1,472,654","87,546","114,402","-26,856","741,413","806,463","65,050","84,961","-19,911","151,209","130,796","-20,413","-8,271","-12,142","416,695","419,393","2,698","29,364","-26,666","47,335","67,766","20,431","8,012","12,419"
4,Boro,Brooklyn,3,Brooklyn,,"2,504,700","2,736,074","231,374","246,479","-15,105","496,285","516,426","20,141","50,358","-30,217","893,306","968,427","75,121","103,482","-28,361","799,066","729,696","-69,370","39,815","-109,185","260,129","370,776","110,647","49,274","61,373"
5,Boro,Queens,4,Queens,,"2,230,722","2,405,464","174,742","152,976","21,766","613,750","667,861","54,111","72,532","-18,421","616,727","549,358","-67,369","-5,932","-61,437","395,881","381,375","-14,506","15,628","-30,134","508,334","656,583","148,249","68,698","79,551"
6,Boro,Staten Island,5,Staten Island,,"468,730","495,747","27,017","17,822","9,195","81,051","96,960","15,909","10,168","5,741","300,169","277,981","-22,188",-62,"-22,126","44,313","46,835","2,522","3,824","-1,302","34,697","58,753","24,056","3,490","20,566"
7,NTA2020,Brooklyn,BK0101,Greenpoint,0,"34,719","38,980","4,261","2,058","2,203","5,099","6,007",908,317,591,"26,691","27,496",805,"1,349",-544,433,"1,025",592,18,574,"1,689","2,477",788,285,503
8,NTA2020,Brooklyn,BK0102,Williamsburg,0,"45,774","64,444","18,670","7,504","11,166","17,268","17,012",-256,943,"-1,199","23,968","36,709","12,741","5,605","7,136","1,393","2,340",947,100,847,"2,227","4,974","2,747",671,"2,076"
9,NTA2020,Brooklyn,BK0103,South Williamsburg,0,"42,241","47,703","5,462","16,788","-11,326","4,277","4,135",-142,96,-238,"36,670","39,714","3,044","16,463","-13,419",913,"1,217",304,57,247,77,363,286,12,274
10,NTA2020,Brooklyn,BK0104,East Williamsburg,0,"50,349","52,998","2,649","1,893",756,"20,364","18,322","-2,042",723,"-2,765","17,982","20,363","2,381",873,"1,508","6,243","6,110",-133,-39,-94,"4,718","5,817","1,099",270,829
11,NTA2020,Brooklyn,BK0201,Brooklyn Heights,0,"22,887","25,092","2,205","2,360",-155,"1,675","1,961",286,120,166,"17,210","18,446","1,236","1,853",-617,"1,259",886,-373,-62,-311,"2,003","2,282",279,375,-96
12,NTA2020,Brooklyn,BK0202,Downtown Brooklyn-DUMBO-Boerum Hill,0,"24,605","40,968","16,363","4,179","12,184","4,381","5,576","1,195",241,954,"11,771","19,213","7,442","2,865","4,577","5,099","5,905",806,120,686,"2,497","7,606","5,109",839,"4,270"
13,NTA2020,Brooklyn,BK0203,Fort Greene,0,"26,399","32,938","6,539","2,228","4,311","4,828","5,605",777,309,468,"7,497","11,355","3,858","1,490","2,368","11,108","9,896","-1,212",-13,"-1,199","1,924","3,916","1,992",345,"1,647"
14,NTA2020,Brooklyn,BK0204,Clinton Hill,0,"24,014","28,647","4,633","1,673","2,960","2,973","3,464",491,196,295,"9,031","12,845","3,814","1,671","2,143","9,606","7,574","-2,032",-549,"-1,483","1,363","2,714","1,351",273,"1,078"
15,NTA2020,Brooklyn,BK0261,Brooklyn Navy Yard,6,7,5,-2,1,-3,0,4,4,0,4,7,1,-6,1,-7,0,0,0,0,0,0,0,0,0,0
16,NTA2020,Brooklyn,BK0301,Bedford-Stuyvesant (West),0,"74,491","89,189","14,698","9,328","5,370","15,973","16,636",663,"1,373",-710,"13,295","31,481","18,186","6,619","11,567","41,307","30,805","-10,502",640,"-11,142","2,004","4,635","2,631",471,"2,160"
17,NTA2020,Brooklyn,BK0302,Bedford-Stuyvesant (East),0,"77,089","84,653","7,564","4,130","3,434","14,242","16,000","1,758","1,362",396,"2,675","14,587","11,912",789,"11,123","57,133","45,584","-11,549","1,487","-13,036","1,372","3,311","1,939",355,"1,584"
18,NTA2020,Brooklyn,BK0401,Bushwick (West),0,"53,577","58,692","5,115","4,921",194,"38,469","31,063","-7,406","4,192","-11,598","7,024","16,444","9,420",262,"9,158","3,611","4,054",443,137,306,"3,516","4,458",942,292,650
19,NTA2020,Brooklyn,BK0402,Bushwick (East),0,"59,043","62,049","3,006","4,607","-1,601","35,139","30,562","-4,577","3,561","-8,138","2,536","11,438","8,902",302,"8,600","19,075","14,109","-4,966",534,"-5,500","1,260","2,944","1,684",152,"1,532"
20,NTA2020,Brooklyn,BK0471,The Evergreens Cemetery,7,14,6,-8,-2,-6,8,2,-6,-1,-5,4,1,-3,0,-3,2,0,-2,-1,-1,0,0,0,0,0
21,NTA2020,Brooklyn,BK0501,Cypress Hills,0,"41,513","43,256","1,743","4,449","-2,706","27,427","29,424","1,997","3,593","-1,596","1,190","1,170",-20,7,-27,"8,106","6,989","-1,117",493,"-1,610","2,523","2,697",174,349,-175
22,NTA2020,Brooklyn,BK0502,East New York (North),0,"39,109","42,818","3,709","3,763",-54,"14,211","16,225","2,014","1,638",376,453,880,427,54,373,"22,974","21,181","-1,793","1,824","-3,617",648,"1,708","1,060",219,841
23,NTA2020,Brooklyn,BK0503,East New York-New Lots,0,"47,563","53,004","5,441","3,706","1,735","9,755","11,517","1,762",811,951,515,983,468,79,389,"36,212","36,530",318,"2,668","-2,350",218,636,418,108,310
24,NTA2020,Brooklyn,BK0504,Spring Creek-Starrett City,0,"13,676","17,038","3,362",-832,"4,194","2,431","3,344",913,-28,941,"3,295","2,595",-700,-800,100,"7,306","9,873","2,567",9,"2,558",390,424,34,2,32
25,NTA2020,Brooklyn,BK0505,East New York-City Line,0,"42,017","45,559","3,542","4,308",-766,"13,352","13,370",18,"1,326","-1,308",802,805,3,-32,35,"20,554","18,506","-2,048","1,640","-3,688","5,228","9,337","4,109","1,394","2,715"
26,NTA2020,Brooklyn,BK0571,Highland Park-Cypress Hills Cemeteries (South),7,6,7,1,0,1,0,5,5,0,5,0,0,0,0,0,5,0,-5,0,-5,0,0,0,0,0
27,NTA2020,Brooklyn,BK0601,Carroll Gardens-Cobble Hill-Gowanus-Red Hook,0,"53,756","59,166","5,410","5,826",-416,"13,098","12,042","-1,056",541,"-1,597","28,888","32,342","3,454","4,240",-786,"7,676","7,280",-396,199,-595,"2,522","3,924","1,402",630,772
28,NTA2020,Brooklyn,BK0602,Park Slope,0,"53,502","57,405","3,903","6,743","-2,840","6,780","6,701",-79,428,-507,"37,909","38,668",759,"5,215","-4,456","3,671","3,363",-308,-53,-255,"3,141","4,641","1,500",937,563
29,NTA2020,Brooklyn,BK0701,Windsor Terrace-South Slope,0,"22,554","23,622","1,068","2,140","-1,072","3,814","3,430",-384,230,-614,"15,089","15,463",374,"1,513","-1,139","1,124",876,-248,20,-268,"1,786","2,200",414,287,127
30,NTA2020,Brooklyn,BK0702,Sunset Park (West),0,"52,189","54,473","2,284","5,204","-2,920","34,296","30,638","-3,658","3,506","-7,164","9,497","12,073","2,576",709,"1,867","2,056","2,740",684,107,577,"5,409","7,139","1,730",793,937
31,NTA2020,Brooklyn,BK0703,Sunset Park (Central),0,"51,806","55,606","3,800","13,258","-9,458","19,086","18,226",-860,"2,380","-3,240","5,101","4,509",-592,236,-828,547,610,63,39,24,"26,340","31,444","5,104","10,570","-5,466"
32,NTA2020,Brooklyn,BK0771,Green-Wood Cemetery,7,5,5,0,0,0,2,2,0,0,0,3,0,-3,0,-3,0,0,0,0,0,0,2,2,0,2
33,NTA2020,Brooklyn,BK0801,Prospect Heights,0,"19,849","23,515","3,666","2,538","1,128","2,275","2,445",170,155,15,"9,359","12,672","3,313","1,955","1,358","5,979","4,520","-1,459",-81,"-1,378","1,316","2,041",725,402,323
34,NTA2020,Brooklyn,BK0802,Crown Heights (North),0,"76,961","85,275","8,314","4,831","3,483","9,248","11,732","2,484",784,"1,700","7,060","18,774","11,714","1,825","9,889","57,179","45,217","-11,962","1,757","-13,719","1,433","3,461","2,028",337,"1,691"
35,NTA2020,Brooklyn,BK0891,Lincoln Terrace Park,9,0,15,15,0,15,0,7,7,0,7,0,3,3,0,3,0,3,3,0,3,0,0,0,0,0
36,NTA2020,Brooklyn,BK0901,Crown Heights (South),0,"50,405","50,590",185,"5,757","-5,572","4,507","4,997",490,287,203,"12,836","16,111","3,275","4,131",-856,"31,695","24,907","-6,788","1,145","-7,933",323,931,608,99,509
37,NTA2020,Brooklyn,BK0902,Prospect Lefferts Gardens-Wingate,0,"45,808","49,513","3,705","3,274",431,"4,438","5,266",828,183,645,"5,882","12,050","6,168","2,199","3,969","33,471","26,859","-6,612",698,"-7,310",836,"1,610",774,143,631
38,NTA2020,Brooklyn,BK1001,Bay Ridge,0,"80,916","86,779","5,863","5,893",-30,"12,612","16,310","3,698","1,842","1,856","54,116","51,417","-2,699","2,309","-5,008","1,293","1,840",547,194,353,"10,837","13,662","2,825","1,278","1,547"
39,NTA2020,Brooklyn,BK1002,Dyker Heights,0,"41,378","46,756","5,378","3,298","2,080","4,920","6,486","1,566",843,723,"21,530","16,960","-4,570",-380,"-4,190",200,357,157,57,100,"14,271","22,042","7,771","2,734","5,037"
40,NTA2020,Brooklyn,BK1061,Fort Hamilton,6,764,775,11,137,-126,244,189,-55,40,-95,239,319,80,58,22,188,105,-83,21,-104,47,81,34,12,22
41,NTA2020,Brooklyn,BK1091,Dyker Beach Park,9,0,9,9,1,8,0,2,2,0,2,0,3,3,1,2,0,0,0,0,0,0,0,0,0,0
42,NTA2020,Brooklyn,BK1101,Bensonhurst,0,"96,036","104,934","8,898","7,644","1,254","13,522","18,064","4,542","2,441","2,101","46,138","36,545","-9,593","1,164","-10,757",609,"1,078",469,107,362,"34,364","46,034","11,670","3,804","7,866"
43,NTA2020,Brooklyn,BK1102,Bath Beach,0,"29,931","33,070","3,139","2,233",906,"3,894","4,695",801,718,83,"16,389","13,227","-3,162",165,"-3,327",273,443,170,66,104,"8,953","13,543","4,590","1,223","3,367"
44,NTA2020,Brooklyn,BK1103,Gravesend (West),0,"55,669","60,523","4,854","3,297","1,557","6,761","8,579","1,818","1,139",679,"27,795","22,331","-5,464",-54,"-5,410",472,841,369,60,309,"19,735","26,717","6,982","2,128","4,854"
45,NTA2020,Brooklyn,BK1201,Sunset Park (East)-Borough Park (West),0,"33,397","35,632","2,235","7,936","-5,701","7,564","7,533",-31,"1,088","-1,119","8,140","6,959","-1,181",913,"-2,094",657,641,-16,51,-67,"16,471","19,480","3,009","5,871","-2,862"
46,NTA2020,Brooklyn,BK1202,Borough Park,0,"84,270","93,905","9,635","25,982","-16,347","7,819","8,077",258,"1,188",-930,"68,987","70,239","1,252","23,284","-22,032",480,804,324,43,281,"6,082","8,166","2,084","1,372",712
47,NTA2020,Brooklyn,BK1203,Kensington,0,"40,472","41,758","1,286","4,463","-3,177","7,153","6,825",-328,797,"-1,125","19,463","17,370","-2,093","1,856","-3,949","2,947","2,753",-194,104,-298,"9,491","12,224","2,733","1,672","1,061"
48,NTA2020,Brooklyn,BK1204,Mapleton-Midwood (West),0,"37,441","39,137","1,696","6,034","-4,338","2,937","3,507",570,521,49,"30,549","28,474","-2,075","5,001","-7,076",304,632,328,42,286,"3,252","4,752","1,500",420,"1,080"
49,NTA2020,Brooklyn,BK1301,Gravesend (South),0,"27,400","30,366","2,966","1,108","1,858","3,764","4,626",862,382,480,"15,499","14,187","-1,312",-184,"-1,128","2,438","2,566",128,199,-71,"5,205","7,949","2,744",701,"2,043"
50,NTA2020,Brooklyn,BK1302,Coney Island-Sea Gate,0,"49,715","49,517",-198,"-1,132",934,"8,768","8,588",-180,673,-853,"26,662","24,811","-1,851","-2,688",837,"10,651","10,144",-507,608,"-1,115","2,880","4,193","1,313",277,"1,036"
51,NTA2020,Brooklyn,BK1303,Brighton Beach,0,"31,462","33,568","2,106",339,"1,767","4,947","4,541",-406,762,"-1,168","21,839","21,647",-192,"-1,147",955,340,429,89,-1,90,"3,777","5,462","1,685",720,965
52,NTA2020,Brooklyn,BK1391,Calvert Vaux Park,9,0,0,0,-2,2,0,0,0,0,0,0,0,0,-2,2,0,0,0,0,0,0,0,0,0,0
53,NTA2020,Brooklyn,BK1401,Flatbush,0,"67,940","66,503","-1,437","6,001","-7,438","13,669","13,064",-605,"1,723","-2,328","5,425","9,752","4,327",900,"3,427","44,926","35,895","-9,031","2,874","-11,905","2,193","3,407","1,214",437,777
54,NTA2020,Brooklyn,BK1402,Flatbush (West)-Ditmas Park-Parkville,0,"42,099","43,016",917,"4,568","-3,651","7,776","7,256",-520,883,"-1,403","15,835","15,859",24,"1,728","-1,704","9,605","7,702","-1,903",413,"-2,316","7,541","9,288","1,747","1,504",243
55,NTA2020,Brooklyn,BK1403,Midwood,0,"48,988","52,891","3,903","5,524","-1,621","3,402","4,081",679,536,143,"37,282","35,135","-2,147","3,959","-6,106","2,470","2,833",363,190,173,"5,133","7,894","2,761",790,"1,971"
56,NTA2020,Brooklyn,BK1501,Gravesend (East)-Homecrest,0,"50,437","52,797","2,360","5,586","-3,226","4,826","5,842","1,016",908,108,"38,334","34,806","-3,528","3,861","-7,389",477,767,290,72,218,"6,063","9,108","3,045",677,"2,368"
57,NTA2020,Brooklyn,BK1502,Madison,0,"38,917","41,465","2,548","2,330",218,"2,689","3,217",528,326,202,"27,646","25,197","-2,449","1,366","-3,815",630,"1,228",598,89,509,"7,340","9,938","2,598",508,"2,090"
58,NTA2020,Brooklyn,BK1503,Sheepshead Bay-Manhattan Beach-Gerritsen Beach,0,"64,518","69,084","4,566",971,"3,595","5,203","6,148",945,447,498,"43,944","41,326","-2,618",-841,"-1,777","4,161","4,615",454,379,75,"10,135","14,205","4,070",969,"3,101"
59,NTA2020,Brooklyn,BK1601,Ocean Hill,0,"31,935","37,952","6,017","2,405","3,612","5,716","7,714","1,998",529,"1,469",439,"2,597","2,158",130,"2,028","24,825","24,567",-258,"1,653","-1,911",199,741,542,65,477
60,NTA2020,Brooklyn,BK1602,Brownsville,0,"54,649","60,470","5,821","4,556","1,265","11,639","13,933","2,294","1,178","1,116",446,830,384,103,281,"41,171","41,736",565,"3,150","-2,585",409,617,208,102,106
61,NTA2020,Brooklyn,BK1701,East Flatbush-Erasmus,0,"46,010","47,690","1,680","3,406","-1,726","4,207","5,181",974,472,502,820,"3,573","2,753",220,"2,533","39,027","34,050","-4,977","2,587","-7,564",773,"1,310",537,129,408
62,NTA2020,Brooklyn,BK1702,East Flatbush-Farragut,0,"33,445","34,317",872,"1,827",-955,"2,096","2,465",369,140,229,634,799,165,-31,196,"29,433","27,126","-2,307","1,599","-3,906",406,827,421,120,301
63,NTA2020,Brooklyn,BK1703,East Flatbush-Rugby,0,"39,331","42,762","3,431","1,990","1,441","1,902","2,690",788,97,691,473,"1,145",672,101,571,"35,884","34,671","-1,213","1,760","-2,973",269,685,416,37,379
64,NTA2020,Brooklyn,BK1704,East Flatbush-Remsen Village,0,"37,900","39,115","1,215","2,462","-1,247","2,561","3,320",759,184,575,297,691,394,20,374,"34,126","31,983","-2,143","2,221","-4,364",244,251,7,41,-34
65,NTA2020,Brooklyn,BK1771,Holy Cross Cemetery,7,29,32,3,-1,4,1,5,4,0,4,0,0,0,-1,1,27,19,-8,0,-8,0,6,6,0,6
66,NTA2020,Brooklyn,BK1801,Flatlands,0,"64,762","67,087","2,325","3,996","-1,671","5,753","6,016",263,469,-206,"11,793","9,749","-2,044",305,"-2,349","42,935","43,053",118,"2,638","-2,520","2,577","3,899","1,322",529,793
67,NTA2020,Brooklyn,BK1802,Marine Park-Mill Basin-Bergen Beach,0,"45,231","46,955","1,724","1,806",-82,"3,583","4,309",726,321,405,"33,399","29,831","-3,568",574,"-4,142","4,952","6,271","1,319",532,787,"2,521","4,762","2,241",354,"1,887"
68,NTA2020,Brooklyn,BK1803,Canarsie,0,"83,693","89,932","6,239","5,200","1,039","6,941","7,433",492,446,46,"4,928","3,441","-1,487",-673,-814,"67,816","71,576","3,760","5,214","-1,454","2,198","1,841",-357,190,-547
69,NTA2020,Brooklyn,BK1891,Marine Park-Plumb Island,9,0,1,1,4,-3,0,1,1,0,1,0,0,0,4,-4,0,0,0,0,0,0,0,0,0,0
70,NTA2020,Brooklyn,BK1892,McGuire Fields,9,0,4,4,-1,5,0,0,0,0,0,0,2,2,-1,3,0,0,0,0,0,0,0,0,0,0
71,NTA2020,Brooklyn,BK1893,Canarsie Park & Pier,9,0,5,5,0,5,0,1,1,0,1,0,0,0,0,0,0,0,0,1,-1,0,0,0,0,0
72,NTA2020,Brooklyn,BK5591,Prospect Park,9,0,15,15,-12,27,0,5,5,0,5,0,2,2,-10,12,0,7,7,-2,9,0,0,0,0,0
73,NTA2020,Brooklyn,BK5691,Barren Island-Floyd Bennett Field,9,37,21,-16,-2,-14,0,3,3,0,3,25,12,-13,-2,-11,12,5,-7,0,-7,0,0,0,0,0
74,NTA2020,Brooklyn,BK5692,Jamaica Bay (West),9,0,0,0,0,0,0,0,0,0,0,0,0,0,0,0,0,0,0,0,0,0,0,0,0,0
75,NTA2020,Brooklyn,BK5693,Shirley Chisholm State Park,9,0,0,0,-1,1,0,0,0,-1,1,0,0,0,0,0,0,0,0,0,0,0,0,0,0,0
76,NTA2020,Bronx,BX0101,Mott Haven-Port Morris,0,"52,413","57,718","5,305","5,515",-210,"37,869","38,852",983,"3,736","-2,753",867,"1,569",702,101,601,"12,927","15,455","2,528","1,576",952,214,476,262,68,194
77,NTA2020,Bronx,BX0102,Melrose,0,"39,214","42,651","3,437","4,444","-1,007","27,094","28,059",965,"2,942","-1,977",571,973,402,97,305,"10,787","12,111","1,324","1,331",-7,314,426,112,52,60
78,NTA2020,Bronx,BX0201,Hunts Point,0,"15,458","15,131",-327,"1,673","-2,000","11,325","10,715",-610,"1,183","-1,793",205,264,59,2,57,"3,676","3,752",76,472,-396,87,108,21,15,6
79,NTA2020,Bronx,BX0202,Longwood,0,"37,942","40,289","2,347","4,006","-1,659","28,511","28,773",262,"2,667","-2,405",519,690,171,73,98,"8,239","9,608","1,369","1,187",182,235,294,59,33,26
80,NTA2020,Bronx,BX0291,North & South Brother Islands,9,0,0,0,0,0,0,0,0,0,0,0,0,0,0,0,0,0,0,0,0,0,0,0,0,0
81,NTA2020,Bronx,BX0301,Morrisania,0,"30,870","37,607","6,737","3,789","2,948","17,395","20,576","3,181","2,305",876,450,709,259,48,211,"12,424","15,107","2,683","1,395","1,288",134,184,50,26,24
82,NTA2020,Bronx,BX0302,Claremont Village-Claremont (East),0,"22,174","24,553","2,379","2,703",-324,"11,363","12,630","1,267","1,389",-122,203,295,92,26,66,"10,285","10,938",653,"1,279",-626,40,69,29,9,20
83,NTA2020,Bronx,BX0303,Crotona Park East,0,"26,143","30,158","4,015","2,877","1,138","16,939","18,748","1,809","1,815",-6,231,488,257,58,199,"8,452","9,873","1,421",946,475,191,254,63,37,26
84,NTA2020,Bronx,BX0391,Crotona Park,9,0,34,34,11,23,0,18,18,7,11,0,5,5,0,5,0,10,10,3,7,0,0,0,1,-1
85,NTA2020,Bronx,BX0401,Concourse-Concourse Village,0,"66,731","69,387","2,656","6,563","-3,907","39,009","41,807","2,798","4,886","-2,088","1,222","1,941",719,58,661,"23,740","22,108","-1,632","1,430","-3,062","1,492","1,730",238,230,8
86,NTA2020,Bronx,BX0402,Highbridge,0,"30,945","32,456","1,511","3,719","-2,208","20,033","21,431","1,398","2,736","-1,338",402,631,229,41,188,"10,006","9,444",-562,917,"-1,479",132,247,115,26,89
87,NTA2020,Bronx,BX0403,Mount Eden-Claremont (West),0,"48,145","49,651","1,506","6,438","-4,932","32,847","34,999","2,152","4,759","-2,607",563,711,148,69,79,"13,440","12,221","-1,219","1,505","-2,724",607,619,12,93,-81
88,NTA2020,Bronx,BX0491,Yankee Stadium-Macombs Dam Park,9,0,19,19,15,4,0,15,15,9,6,0,0,0,0,0,0,4,4,0,4,0,0,0,6,-6
89,NTA2020,Bronx,BX0492,Claremont Park,9,0,10,10,0,10,0,1,1,1,0,0,0,0,0,0,0,7,7,-3,10,0,0,0,0,0
90,NTA2020,Bronx,BX0501,University Heights (South)-Morris Heights,0,"52,276","54,682","2,406","5,984","-3,578","33,373","36,202","2,829","4,588","-1,759",723,818,95,28,67,"16,829","15,403","-1,426","1,209","-2,635",684,854,170,130,40
91,NTA2020,Bronx,BX0502,Mount Hope,0,"45,279","49,099","3,820","6,196","-2,376","30,520","33,082","2,562","4,345","-1,783",585,736,151,54,97,"12,410","13,375",965,"1,662",-697,839,611,-228,118,-346
92,NTA2020,Bronx,BX0503,Fordham Heights,0,"32,268","32,099",-169,"4,586","-4,755","22,771","23,239",468,"3,591","-3,123",531,523,-8,30,-38,"8,026","7,100",-926,875,"-1,801",400,456,56,75,-19
93,NTA2020,Bronx,BX0601,West Farms,0,"18,205","20,147","1,942","1,745",197,"13,450","14,106",656,"1,288",-632,207,290,83,10,73,"4,178","5,020",842,418,424,133,230,97,21,76
94,NTA2020,Bronx,BX0602,Tremont,0,"30,493","32,150","1,657","3,154","-1,497","19,370","19,902",532,"2,161","-1,629",516,599,83,4,79,"10,054","10,618",564,965,-401,141,181,40,33,7
95,NTA2020,Bronx,BX0603,Belmont,0,"34,650","35,825","1,175","3,544","-2,369","20,819","21,837","1,018","2,949","-1,931","5,491","4,732",-759,-254,-505,"7,206","7,443",237,816,-579,655,738,83,26,57
96,NTA2020,Bronx,BX0701,University Heights (North)-Fordham,0,"44,229","46,538","2,309","3,847","-1,538","31,352","34,534","3,182","4,184","-1,002","1,724","1,800",76,-490,566,"8,224","7,348",-876,57,-933,"2,117","1,661",-456,134,-590
97,NTA2020,Bronx,BX0702,Bedford Park,0,"53,330","55,521","2,191","6,064","-3,873","34,788","37,854","3,066","4,830","-1,764","4,428","3,461",-967,-53,-914,"10,356","10,310",-46,"1,000","-1,046","2,612","2,325",-287,267,-554
98,NTA2020,Bronx,BX0703,Norwood,0,"40,494","43,466","2,972","4,413","-1,441","23,785","26,570","2,785","3,250",-465,"3,998","3,093",-905,-46,-859,"7,262","6,437",-825,398,"-1,223","4,451","6,049","1,598",876,722
99,NTA2020,Bronx,BX0801,Kingsbridge Heights-Van Cortlandt Village,0,"34,844","35,777",933,"2,142","-1,209","23,000","25,505","2,505","2,708",-203,"4,887","3,741","-1,146",-659,-487,"4,698","4,284",-414,38,-452,"1,687","1,287",-400,123,-523
100,NTA2020,Bronx,BX0802,Kingsbridge-Marble Hill,0,"22,599","22,807",208,"1,454","-1,246","13,562","14,757","1,195","1,488",-293,"4,288","3,561",-727,-166,-561,"3,402","2,872",-530,20,-550,963,923,-40,115,-155
101,NTA2020,Bronx,BX0803,Riverdale-Spuyten Duyvil,0,"43,885","47,927","4,042","-2,018","6,060","7,442","11,840","4,398",511,"3,887","29,846","26,666","-3,180","-2,369",-811,"3,307","4,074",767,-365,"1,132","2,330","3,092",762,211,551
102,NTA2020,Bronx,BX0901,Soundview-Bruckner-Bronx River,0,"69,379","74,342","4,963","7,155","-2,192","43,199","46,244","3,045","5,356","-2,311","1,402","1,610",208,52,156,"20,546","18,855","-1,691","1,291","-2,982","1,954","4,293","2,339",461,"1,878"
103,NTA2020,Bronx,BX0902,Soundview-Clason Point,0,"34,173","37,297","3,124","1,777","1,347","21,212","23,287","2,075","1,330",745,763,806,43,-23,66,"11,159","11,140",-19,376,-395,409,769,360,95,265
104,NTA2020,Bronx,BX0903,Castle Hill-Unionport,0,"37,252","41,420","4,168","2,970","1,198","22,584","22,307",-277,"1,688","-1,965","1,345","1,405",60,45,15,"8,351","8,481",130,470,-340,"3,614","7,200","3,586",724,"2,862"
105,NTA2020,Bronx,BX0904,Parkchester,0,"29,821","33,602","3,781","2,753","1,028","11,364","11,083",-281,929,"-1,210","1,105",907,-198,-64,-134,"12,765","11,788",-977,615,"-1,592","3,721","8,550","4,829","1,253","3,576"
106,NTA2020,Bronx,BX0991,Soundview Park,9,4,6,2,1,1,4,3,-1,2,-3,0,1,1,-1,2,0,0,0,0,0,0,0,0,0,0
107,NTA2020,Bronx,BX1001,Westchester Square,0,"15,653","17,376","1,723","1,580",143,"9,096","8,759",-337,912,"-1,249","1,392","1,148",-244,-90,-154,"1,642","1,769",127,130,-3,"2,806","4,878","2,072",638,"1,434"
108,NTA2020,Bronx,BX1002,Throgs Neck-Schuylerville,0,"44,164","48,116","3,952",802,"3,150","18,111","23,577","5,466","1,645","3,821","20,348","16,118","-4,230","-1,355","-2,875","3,479","4,486","1,007",246,761,"1,430","2,460","1,030",226,804
109,NTA2020,Bronx,BX1003,Pelham Bay-Country Club-City Island,0,"26,583","29,462","2,879",-28,"2,907","7,950","11,911","3,961",947,"3,014","16,488","13,208","-3,280","-1,237","-2,043",773,"1,660",887,87,800,969,"1,807",838,142,696
110,NTA2020,Bronx,BX1004,Co-op City,0,"35,475","37,369","1,894","-1,249","3,143","9,810","10,221",411,-55,466,"3,403","1,930","-1,473",-721,-752,"21,056","23,389","2,333",-463,"2,796",433,490,57,14,43
111,NTA2020,Bronx,BX1071,Hart Island,7,0,0,0,0,0,0,0,0,0,0,0,0,0,0,0,0,0,0,0,0,0,0,0,0,0
112,NTA2020,Bronx,BX1091,Ferry Point Park-St. Raymond Cemetery,9,3,0,-3,-1,-2,3,0,-3,0,-3,0,0,0,0,0,0,0,0,-1,1,0,0,0,0,0
113,NTA2020,Bronx,BX1101,Pelham Parkway-Van Nest,0,"30,638","32,425","1,787","3,243","-1,456","17,086","18,114","1,028","2,167","-1,139","5,977","5,465",-512,163,-675,"4,501","4,728",227,542,-315,"2,161","2,605",444,361,83
114,NTA2020,Bronx,BX1102,Morris Park,0,"22,913","25,077","2,164",949,"1,215","6,018","8,314","2,296",673,"1,623","12,173","10,649","-1,524",-213,"-1,311","1,322","1,675",353,26,327,"2,928","3,540",612,432,180
115,NTA2020,Bronx,BX1103,Pelham Gardens,0,"27,228","29,402","2,174",-409,"2,583","8,619","10,290","1,671",199,"1,472","7,166","5,498","-1,668",-840,-828,"8,532","8,951",419,-19,438,"2,239","3,399","1,160",334,826
116,NTA2020,Bronx,BX1104,Allerton,0,"33,998","34,623",625,"2,256","-1,631","16,418","17,432","1,014","1,590",-576,"5,537","4,734",-803,-84,-719,"9,975","9,518",-457,522,-979,"1,381","1,688",307,222,85
117,NTA2020,Bronx,BX1161,Hutchinson Metro Center,6,894,297,-597,-61,-536,248,113,-135,-13,-122,336,56,-280,-20,-260,276,93,-183,-25,-158,25,3,-22,1,-23
118,NTA2020,Bronx,BX1201,Williamsbridge-Olinville,0,"55,158","61,346","6,188","4,841","1,347","14,819","19,169","4,350","1,844","2,506","1,470","1,435",-35,-64,29,"36,752","37,033",281,"2,851","-2,570",755,"1,216",461,118,343
119,NTA2020,Bronx,BX1202,Eastchester-Edenwald-Baychester,0,"49,181","51,736","2,555","2,674",-119,"10,971","12,986","2,015",966,"1,049","1,566","1,105",-461,-211,-250,"35,102","35,061",-41,"1,804","-1,845",430,656,226,73,153
120,NTA2020,Bronx,BX1203,Wakefield-Woodlawn,0,"45,513","47,657","2,144","2,889",-745,"8,505","11,263","2,758",981,"1,777","7,731","6,672","-1,059",-231,-828,"25,567","25,258",-309,"1,798","-2,107","1,628","1,462",-166,213,-379
121,NTA2020,Bronx,BX1271,Woodlawn Cemetery,7,0,2,2,-2,4,0,0,0,0,0,0,0,0,0,0,0,1,1,-2,3,0,0,0,0,0
122,NTA2020,Bronx,BX2691,Van Cortlandt Park,9,0,122,122,-21,143,0,45,45,-3,48,0,29,29,-16,45,0,35,35,-2,37,0,4,4,0,4
123,NTA2020,Bronx,BX2791,Bronx Park,9,"1,351",69,"-1,282",-5,"-1,277",756,30,-726,-1,-725,176,6,-170,-3,-167,381,31,-350,0,-350,26,0,-26,0,-26
124,NTA2020,Bronx,BX2891,Pelham Bay Park,9,512,28,-484,1,-485,149,12,-137,0,-137,60,5,-55,0,-55,264,5,-259,0,-259,30,3,-27,1,-28
125,NTA2020,Manhattan,MN0101,Financial District-Battery Park City,0,"39,699","52,992","13,293","5,879","7,414","3,055","4,709","1,654",473,"1,181","25,965","32,538","6,573","3,818","2,755","1,288","1,779",491,81,410,"8,016","10,813","2,797","1,365","1,432"
126,NTA2020,Manhattan,MN0102,Tribeca-Civic Center,0,"21,266","25,390","4,124","3,465",659,"1,790","2,203",413,182,231,"14,841","16,769","1,928","2,711",-783,"1,302","1,184",-118,3,-121,"2,585","3,448",863,488,375
127,NTA2020,Manhattan,MN0191,The Battery-Governors Island-Ellis Island-Liberty Island,9,13,8,-5,0,-5,2,2,0,0,0,4,0,-4,0,-4,5,1,-4,0,-4,2,2,0,0,0
128,NTA2020,Manhattan,MN0201,SoHo-Little Italy-Hudson Square,0,"23,136","23,287",151,910,-759,"1,539","2,032",493,61,432,"13,669","13,642",-27,611,-638,297,499,202,11,191,"7,040","5,860","-1,180",207,"-1,387"
129,NTA2020,Manhattan,MN0202,Greenwich Village,0,"32,449","34,147","1,698","1,388",310,"1,894","2,647",753,148,605,"25,519","24,718",-801,863,"-1,664",696,"1,037",341,-22,363,"3,370","3,783",413,367,46
130,NTA2020,Manhattan,MN0203,West Village,0,"34,431","35,011",580,"1,387",-807,"2,160","2,624",464,104,360,"28,581","27,608",-973,"1,062","-2,035",657,735,78,-21,99,"2,083","2,279",196,234,-38
131,NTA2020,Manhattan,MN0301,Chinatown-Two Bridges,0,"44,064","42,556","-1,508","1,420","-2,928","6,246","6,697",451,43,408,"3,392","4,820","1,428",-129,"1,557","2,077","2,858",781,56,725,"31,768","27,177","-4,591","1,455","-6,046"
132,NTA2020,Manhattan,MN0302,Lower East Side,0,"47,424","49,149","1,725",525,"1,200","15,930","15,075",-855,157,"-1,012","13,578","15,321","1,743",-4,"1,747","3,890","4,509",619,53,566,"13,009","12,277",-732,319,"-1,051"
133,NTA2020,Manhattan,MN0303,East Village,0,"71,789","71,436",-353,561,-914,"18,018","16,896","-1,122",293,"-1,415","35,928","34,907","-1,021",134,"-1,155","5,327","5,409",82,-70,152,"10,361","10,734",373,223,150
134,NTA2020,Manhattan,MN0401,Chelsea-Hudson Yards,0,"55,372","69,741","14,369","2,245","12,124","9,157","12,024","2,867",196,"2,671","34,899","38,835","3,936","1,131","2,805","3,438","4,830","1,392",3,"1,389","6,306","10,489","4,183",890,"3,293"
135,NTA2020,Manhattan,MN0402,Hell's Kitchen,0,"45,884","59,524","13,640","1,739","11,901","8,877","10,980","2,103",225,"1,878","25,891","29,455","3,564",570,"2,994","2,869","4,164","1,295",28,"1,267","6,886","12,011","5,125",874,"4,251"
136,NTA2020,Manhattan,MN0501,Midtown South-Flatiron-Union Square,0,"25,530","33,214","7,684","2,356","5,328","1,890","4,143","2,253",158,"2,095","17,735","19,546","1,811","1,444",367,"1,030","2,039","1,009",86,923,"4,212","5,779","1,567",622,945
137,NTA2020,Manhattan,MN0502,Midtown-Times Square,0,"21,140","25,575","4,435",840,"3,595","1,730","3,278","1,548",71,"1,477","13,767","13,375",-392,232,-624,955,"2,419","1,464",-58,"1,522","4,191","5,437","1,246",578,668
138,NTA2020,Manhattan,MN0601,Stuyvesant Town-Peter Cooper Village,0,"21,049","22,512","1,463",532,931,"1,405","2,012",607,103,504,"15,600","14,758",-842,167,"-1,009",751,707,-44,-31,-13,"2,662","3,661",999,252,747
139,NTA2020,Manhattan,MN0602,Gramercy,0,"27,988","28,628",640,797,-157,"2,023","2,559",536,52,484,"20,623","19,499","-1,124",477,"-1,601",923,"1,080",157,-65,222,"3,740","3,979",239,338,-99
140,NTA2020,Manhattan,MN0603,Murray Hill-Kips Bay,0,"57,124","63,520","6,396","2,498","3,898","5,395","6,501","1,106",156,950,"38,073","37,987",-86,"1,085","-1,171","2,534","3,035",501,31,470,"9,669","13,029","3,360","1,187","2,173"
141,NTA2020,Manhattan,MN0604,East Midtown-Turtle Bay,0,"41,587","45,765","4,178","1,419","2,759","2,360","3,198",838,176,662,"32,831","32,190",-641,362,"-1,003",864,912,48,10,38,"4,719","7,531","2,812",871,"1,941"
142,NTA2020,Manhattan,MN0661,United Nations,6,0,0,0,36,-36,0,0,0,6,-6,0,0,0,21,-21,0,0,0,1,-1,0,0,0,7,-7
143,NTA2020,Manhattan,MN0701,Upper West Side-Lincoln Square,0,"61,489","70,697","9,208","5,825","3,383","5,317","7,152","1,835",499,"1,336","45,103","47,001","1,898","3,580","-1,682","2,710","2,820",110,-55,165,"6,916","10,106","3,190","1,688","1,502"
144,NTA2020,Manhattan,MN0702,Upper West Side (Central),0,"98,860","101,767","2,907","4,474","-1,567","12,256","12,985",729,105,624,"72,395","69,846","-2,549","3,783","-6,332","6,040","5,805",-235,-614,379,"5,752","7,710","1,958","1,127",831
145,NTA2020,Manhattan,MN0703,Upper West Side-Manhattan Valley,0,"50,724","51,751","1,027","1,348",-321,"13,999","12,952","-1,047",-12,"-1,035","24,599","24,339",-260,"1,283","-1,543","7,180","6,402",-778,-313,-465,"3,629","5,443","1,814",382,"1,432"
146,NTA2020,Manhattan,MN0801,Upper East Side-Lenox Hill-Roosevelt Island,0,"80,771","85,527","4,756","6,378","-1,622","5,862","6,796",934,338,596,"60,831","59,223","-1,608","4,483","-6,091","3,571","2,688",-883,-156,-727,"8,569","12,699","4,130","1,726","2,404"
147,NTA2020,Manhattan,MN0802,Upper East Side-Carnegie Hill,0,"61,207","62,410","1,203","1,116",87,"2,834","3,522",688,192,496,"53,647","51,553","-2,094",512,"-2,606",669,601,-68,-6,-62,"3,052","4,412","1,360",387,973
148,NTA2020,Manhattan,MN0803,Upper East Side-Yorkville,0,"77,942","84,046","6,104","4,980","1,124","6,867","8,199","1,332",383,949,"59,233","59,630",397,"3,341","-2,944","2,858","2,968",110,-15,125,"7,226","9,425","2,199","1,183","1,016"
149,NTA2020,Manhattan,MN0901,Morningside Heights,0,"38,723","38,865",142,835,-693,"7,365","7,549",184,315,-131,"18,388","15,682","-2,706",280,"-2,986","5,545","5,276",-269,-224,-45,"5,969","8,063","2,094",448,"1,646"
150,NTA2020,Manhattan,MN0902,Manhattanville-West Harlem,0,"22,950","22,183",-767,"1,166","-1,933","14,413","12,000","-2,413",865,"-3,278","1,710","3,187","1,477",204,"1,273","5,918","5,120",-798,-5,-793,496,"1,036",540,80,460
151,NTA2020,Manhattan,MN0903,Hamilton Heights-Sugar Hill,0,"48,520","49,410",890,"2,706","-1,816","25,324","22,974","-2,350","2,311","-4,661","5,287","9,421","4,134",551,"3,583","15,646","12,926","-2,720",-343,"-2,377","1,067","1,685",618,142,476
152,NTA2020,Manhattan,MN1001,Harlem (South),0,"43,383","47,113","3,730","3,198",532,"9,145","9,894",749,894,-145,"6,978","11,122","4,144","1,449","2,695","24,241","20,323","-3,918",436,"-4,354","1,536","2,707","1,171",316,855
153,NTA2020,Manhattan,MN1002,Harlem (North),0,"72,340","83,327","10,987","3,690","7,297","16,547","21,010","4,463","1,987","2,476","4,072","8,656","4,584",737,"3,847","48,617","47,287","-1,330",596,"-1,926","1,251","2,341","1,090",240,850
154,NTA2020,Manhattan,MN1101,East Harlem (South),0,"57,902","59,814","1,912","2,541",-629,"27,499","25,673","-1,826","1,113","-2,939","10,072","11,964","1,892",786,"1,106","14,227","13,170","-1,057",11,"-1,068","4,802","6,717","1,915",617,"1,298"
155,NTA2020,Manhattan,MN1102,East Harlem (North),0,"60,961","64,655","3,694","3,066",628,"31,242","30,604",-638,"2,179","-2,817","4,208","6,731","2,523",447,"2,076","22,502","21,520",-982,105,"-1,087","1,818","3,095","1,277",284,993
156,NTA2020,Manhattan,MN1191,Randall's Island,9,"1,648","1,302",-346,-83,-263,549,466,-83,-11,-72,162,170,8,-16,24,861,621,-240,-36,-204,34,13,-21,-1,-20
157,NTA2020,Manhattan,MN1201,Washington Heights (South),0,"77,417","72,037","-5,380","4,550","-9,930","57,882","48,447","-9,435","4,083","-13,518","7,654","10,886","3,232",565,"2,667","8,620","7,641",-979,-368,-611,"2,099","2,835",736,257,479
158,NTA2020,Manhattan,MN1202,Washington Heights (North),0,"74,157","71,842","-2,315","4,600","-6,915","49,059","43,832","-5,227","3,404","-8,631","19,152","20,269","1,117","1,204",-87,"2,945","3,182",237,-244,481,"1,905","2,141",236,217,19
159,NTA2020,Manhattan,MN1203,Inwood,0,"38,283","36,299","-1,984","3,006","-4,990","27,952","24,951","-3,001","2,553","-5,554","6,592","7,067",475,342,133,"2,357","2,331",-26,-29,3,790,775,-15,120,-135
160,NTA2020,Manhattan,MN1291,Highbridge Park,9,2,12,10,0,10,2,8,6,0,6,0,0,0,0,0,0,2,2,0,2,0,0,0,0,0
161,NTA2020,Manhattan,MN1292,Inwood Hill Park,9,161,16,-145,2,-147,81,6,-75,1,-76,44,0,-44,1,-45,32,5,-27,0,-27,0,0,0,0,0
162,NTA2020,Manhattan,MN6491,Central Park,9,25,129,104,-24,128,6,32,26,0,26,2,32,30,-20,50,16,49,33,-4,37,0,2,2,0,2
163,NTA2020,Queens,QN0101,Astoria (North)-Ditmars-Steinway,0,"47,534","50,225","2,691","2,597",94,"9,226","9,929",703,703,0,"31,163","31,539",376,"1,039",-663,850,"1,214",364,116,248,"4,972","5,089",117,614,-497
164,NTA2020,Queens,QN0102,Old Astoria-Hallets Point,0,"16,487","18,927","2,440","1,470",970,"6,434","6,200",-234,579,-813,"4,604","6,286","1,682",436,"1,246","2,614","2,659",45,82,-37,"2,216","2,635",419,320,99
165,NTA2020,Queens,QN0103,Astoria (Central),0,"49,873","52,220","2,347","2,788",-441,"12,142","11,915",-227,789,"-1,016","26,031","27,306","1,275",912,363,840,939,99,42,57,"9,091","8,982",-109,939,"-1,048"
166,NTA2020,Queens,QN0104,Astoria (East)-Woodside (North),0,"39,120","38,673",-447,"2,266","-2,713","11,039","10,501",-538,884,"-1,422","18,477","17,553",-924,589,"-1,513","1,780","1,771",-9,122,-131,"6,426","6,419",-7,579,-586
167,NTA2020,Queens,QN0105,Queensbridge-Ravenswood-Dutch Kills,0,"26,989","32,954","5,965","1,729","4,236","10,083","10,257",174,759,-585,"5,469","7,633","2,164",113,"2,051","6,447","6,519",72,248,-176,"4,087","6,799","2,712",550,"2,162"
168,NTA2020,Bronx,QN0151,Rikers Island,5,"11,091","3,772","-7,319",1,"-7,320","3,779","1,259","-2,520",1,"-2,521",782,260,-522,-1,-521,"6,206","2,172","-4,034",2,"-4,036",32,59,27,0,27
169,NTA2020,Queens,QN0161,Sunnyside Yards (North),6,8,27,19,0,19,2,9,7,1,6,4,1,-3,0,-3,0,7,7,0,7,2,6,4,-1,5
170,NTA2020,Queens,QN0171,St. Michael's Cemetery,7,0,5,5,0,5,0,3,3,0,3,0,0,0,0,0,0,0,0,0,0,0,0,0,0,0
171,NTA2020,Queens,QN0191,Astoria Park,9,3,0,-3,1,-4,0,0,0,0,0,1,0,-1,1,-2,1,0,-1,0,-1,1,0,-1,0,-1
172,NTA2020,Queens,QN0201,Long Island City-Hunters Point,0,"10,815","32,216","21,401","3,890","17,511","1,873","3,881","2,008",392,"1,616","6,024","14,346","8,322","2,103","6,219",488,"1,110",622,86,536,"2,059","10,927","8,868","1,218","7,650"
173,NTA2020,Queens,QN0202,Sunnyside,0,"52,441","52,278",-163,"3,815","-3,978","20,119","18,957","-1,162","1,627","-2,789","16,392","16,395",3,647,-644,"1,100","1,716",616,38,578,"13,326","13,123",-203,"1,437","-1,640"
174,NTA2020,Queens,QN0203,Woodside,0,"49,721","53,188","3,467","3,954",-487,"17,160","17,750",590,"1,796","-1,206","10,003","8,497","-1,506",-471,"-1,035",543,940,397,62,335,"20,739","24,634","3,895","2,537","1,358"
175,NTA2020,Queens,QN0261,Sunnyside Yards (South),6,0,36,36,1,35,0,11,11,1,10,0,8,8,-1,9,0,9,9,0,9,0,3,3,1,2
176,NTA2020,Queens,QN0271,Calvary & Mount Zion Cemeteries,7,27,0,-27,-1,-26,26,0,-26,0,-26,0,0,0,0,0,0,0,0,-1,1,0,0,0,0,0
177,NTA2020,Queens,QN0301,Jackson Heights,0,"100,866","101,848",982,"7,970","-6,988","56,445","54,270","-2,175","5,588","-7,763","17,860","15,306","-2,554",-502,"-2,052","1,692","1,602",-90,-4,-86,"22,609","27,581","4,972","2,840","2,132"
178,NTA2020,Queens,QN0302,East Elmhurst,0,"30,436","33,573","3,137","2,958",179,"19,367","21,630","2,263","2,816",-553,"1,799","1,758",-41,-67,26,"6,387","4,981","-1,406",-271,"-1,135","2,195","4,152","1,957",475,"1,482"
179,NTA2020,Queens,QN0303,North Corona,0,"40,112","43,434","3,322","7,193","-3,871","34,270","37,491","3,221","6,819","-3,598",673,559,-114,60,-174,"2,601","2,101",-500,-111,-389,"2,069","2,542",473,418,55
180,NTA2020,Queens,QN0401,Elmhurst,0,"103,494","107,864","4,370","10,465","-6,095","43,916","42,599","-1,317","4,921","-6,238","7,328","5,534","-1,794",-489,"-1,305","1,277","1,617",340,12,328,"48,664","55,785","7,121","6,025","1,096"
181,NTA2020,Queens,QN0402,Corona,0,"69,583","73,822","4,239","8,556","-4,317","46,467","51,530","5,063","7,491","-2,428","5,107","3,881","-1,226",-270,-956,"7,810","6,072","-1,738",208,"-1,946","8,874","10,561","1,687","1,143",544
182,NTA2020,Queens,QN0501,Maspeth,0,"39,160","43,257","4,097","1,993","2,104","10,507","13,959","3,452","1,445","2,007","23,798","20,731","-3,067",-151,"-2,916",351,607,256,42,214,"4,006","6,916","2,910",623,"2,287"
183,NTA2020,Queens,QN0502,Ridgewood,0,"66,648","66,402",-246,"6,232","-6,478","32,536","29,260","-3,276","4,135","-7,411","26,472","26,843",371,"1,194",-823,"1,306","1,963",657,154,503,"5,286","6,007",721,650,71
184,NTA2020,Queens,QN0503,Glendale,0,"32,496","35,135","2,639","1,699",940,"10,855","14,109","3,254","1,448","1,806","19,793","17,725","-2,068",7,"-2,075",384,822,438,71,367,"1,004","1,587",583,154,429
185,NTA2020,Queens,QN0504,Middle Village,0,"31,917","34,474","2,557",256,"2,301","5,033","7,190","2,157",593,"1,564","23,413","20,970","-2,443",-700,"-1,743",330,545,215,-12,227,"2,773","4,813","2,040",373,"1,667"
186,NTA2020,Queens,QN0571,Mount Olivet & All Faiths Cemeteries,7,25,3,-22,3,-25,6,0,-6,1,-7,15,3,-12,1,-13,0,0,0,0,0,4,0,-4,1,-5
187,NTA2020,Queens,QN0572,Middle Village Cemetery,7,19,0,-19,0,-19,4,0,-4,0,-4,15,0,-15,0,-15,0,0,0,0,0,0,0,0,0,0
188,NTA2020,Queens,QN0573,St. John Cemetery,7,0,3,3,1,2,0,2,2,0,2,0,0,0,1,-1,0,0,0,0,0,0,0,0,0,0
189,NTA2020,Queens,QN0574,Highland Park-Cypress Hills Cemeteries (North),7,73,20,-53,0,-53,26,5,-21,0,-21,30,10,-20,0,-20,2,0,-2,0,-2,11,0,-11,0,-11
190,NTA2020,Queens,QN0601,Rego Park,0,"28,260","30,741","2,481","1,741",740,"4,682","6,047","1,365",466,899,"13,068","11,007","-2,061",321,"-2,382",698,854,156,45,111,"8,966","11,112","2,146",902,"1,244"
191,NTA2020,Queens,QN0602,Forest Hills,0,"83,728","88,965","5,237","4,986",251,"10,410","13,547","3,137",946,"2,191","48,822","41,572","-7,250",973,"-8,223","2,086","2,588",502,137,365,"20,233","26,029","5,796","2,893","2,903"
192,NTA2020,Queens,QN0701,College Point,0,"28,246","33,625","5,379","1,893","3,486","9,418","13,471","4,053","1,328","2,725","10,010","7,176","-2,834",-530,"-2,304",599,687,88,-59,147,"7,620","11,525","3,905","1,166","2,739"
193,NTA2020,Queens,QN0702,Whitestone-Beechhurst,0,"26,802","28,408","1,606",326,"1,280","3,000","4,401","1,401",429,972,"18,703","15,774","-2,929",-705,"-2,224",194,240,46,20,26,"4,516","7,430","2,914",569,"2,345"
194,NTA2020,Queens,QN0703,Bay Terrace-Clearview,0,"21,751","23,287","1,536",-411,"1,947","1,855","2,737",882,212,670,"14,879","12,436","-2,443","-1,169","-1,274",283,341,58,46,12,"4,446","7,217","2,771",481,"2,290"
195,NTA2020,Queens,QN0704,Murray Hill-Broadway Flushing,0,"55,951","57,387","1,436","1,815",-379,"8,814","9,328",514,888,-374,"15,904","11,372","-4,532","-1,492","-3,040",911,875,-36,-107,71,"29,284","34,762","5,478","2,545","2,933"
196,NTA2020,Queens,QN0705,East Flushing,0,"32,300","34,704","2,404","2,330",74,"5,932","6,347",415,552,-137,"5,694","3,502","-2,192",-549,"-1,643","1,049",795,-254,-26,-228,"18,921","23,494","4,573","2,364","2,209"
197,NTA2020,Queens,QN0706,Queensboro Hill,0,"20,798","23,638","2,840","2,384",456,"2,930","3,814",884,307,577,"3,597","2,181","-1,416",-352,"-1,064",246,317,71,23,48,"13,526","16,896","3,370","2,399",971
198,NTA2020,Queens,QN0707,Flushing-Willets Point,0,"62,478","69,879","7,401","5,058","2,343","9,225","8,891",-334,392,-726,"4,832","3,466","-1,366","-1,072",-294,"2,240","2,176",-64,-125,61,"44,689","54,191","9,502","5,883","3,619"
199,NTA2020,Queens,QN0761,Fort Totten,6,0,0,0,0,0,0,0,0,0,0,0,0,0,0,0,0,0,0,0,0,0,0,0,0,0
200,NTA2020,Queens,QN0791,Kissena Park,9,0,2,2,1,1,0,0,0,0,0,0,0,0,0,0,0,0,0,0,0,0,1,1,1,0
201,NTA2020,Queens,QN0801,Kew Gardens Hills,0,"34,278","36,009","1,731","5,231","-3,500","4,960","5,180",220,527,-307,"19,630","17,243","-2,387","3,649","-6,036","2,305","2,247",-58,125,-183,"6,160","9,706","3,546",881,"2,665"
202,NTA2020,Queens,QN0802,Pomonok-Electchester-Hillcrest,0,"33,704","35,669","1,965","1,778",187,"6,184","7,978","1,794",582,"1,212","11,165","9,055","-2,110",-104,"-2,006","4,915","4,898",-17,179,-196,"10,310","12,061","1,751","1,086",665
203,NTA2020,Queens,QN0803,Fresh Meadows-Utopia,0,"21,345","23,434","2,089","1,103",986,"2,151","2,973",822,178,644,"7,171","5,970","-1,201",-142,"-1,059","1,394","1,374",-20,81,-101,"10,105","12,319","2,214",972,"1,242"
204,NTA2020,Queens,QN0804,Jamaica Estates-Holliswood,0,"22,170","23,576","1,406",908,498,"3,217","3,495",278,238,40,"6,213","5,357",-856,-180,-676,"6,023","5,652",-371,15,-386,"5,513","7,345","1,832",814,"1,018"
205,NTA2020,Queens,QN0805,Jamaica Hills-Briarwood,0,"36,500","39,292","2,792","2,892",-100,"8,699","9,356",657,982,-325,"8,177","6,413","-1,764",-208,"-1,556","4,239","4,303",64,112,-48,"13,044","16,609","3,565","1,985","1,580"
206,NTA2020,Queens,QN0871,Mount Hebron & Cedar Grove Cemeteries,7,1,1,0,0,0,1,0,-1,0,-1,0,0,0,0,0,0,0,0,0,0,0,0,0,0,0
207,NTA2020,Queens,QN0891,Cunningham Park,9,73,5,-68,1,-69,4,1,-3,0,-3,55,0,-55,1,-56,2,2,0,0,0,12,2,-10,0,-10
208,NTA2020,Queens,QN0901,Kew Gardens,0,"23,278","24,371","1,093","1,870",-777,"5,651","6,628",977,657,320,"11,478","9,744","-1,734",389,"-2,123","1,515","1,896",381,169,212,"3,628","4,464",836,608,228
209,NTA2020,Queens,QN0902,Richmond Hill,0,"32,951","34,100","1,149","3,100","-1,951","14,635","15,765","1,130","1,881",-751,"5,052","4,005","-1,047",-145,-902,"2,988","2,621",-367,176,-543,"7,161","7,680",519,"1,107",-588
210,NTA2020,Queens,QN0903,South Richmond Hill,0,"24,165","24,141",-24,"2,014","-2,038","5,877","5,315",-562,533,"-1,095","1,184",970,-214,-91,-123,"3,372","2,305","-1,067",132,"-1,199","8,726","9,648",922,"1,367",-445
211,NTA2020,Queens,QN0904,Ozone Park (North),0,"24,158","27,312","3,154","2,622",532,"10,816","11,203",387,"1,376",-989,"3,548","2,584",-964,-232,-732,"2,156","1,631",-525,154,-679,"5,265","8,655","3,390","1,276","2,114"
212,NTA2020,Queens,QN0905,Woodhaven,0,"38,382","41,948","3,566","3,161",405,"21,622","24,618","2,996","2,707",289,"7,092","5,682","-1,410",-443,-967,"1,902","1,705",-197,154,-351,"5,956","7,716","1,760",710,"1,050"
213,NTA2020,Queens,QN1001,South Ozone Park,0,"75,878","79,540","3,662","5,280","-1,618","15,945","14,769","-1,176","1,352","-2,528","5,213","4,091","-1,122",-406,-716,"19,477","15,595","-3,882",724,"-4,606","17,691","20,619","2,928","3,206",-278
214,NTA2020,Queens,QN1002,Ozone Park,0,"21,376","23,518","2,142","1,564",578,"8,112","9,044",932,877,55,"6,511","4,553","-1,958",-422,"-1,536","1,188","1,600",412,172,240,"4,143","6,274","2,131",895,"1,236"
215,NTA2020,Queens,QN1003,Howard Beach-Lindenwood,0,"26,143","27,320","1,177",-324,"1,501","4,399","6,865","2,466",591,"1,875","20,068","17,123","-2,945","-1,106","-1,839",410,842,432,52,380,922,"1,584",662,120,542
216,NTA2020,Queens,QN1091,Spring Creek Park,9,5,0,-5,3,-8,0,0,0,2,-2,1,0,-1,0,-1,3,0,-3,0,-3,1,0,-1,1,-2
217,NTA2020,Queens,QN1101,Auburndale,0,"33,805","36,182","2,377",608,"1,769","4,170","5,159",989,347,642,"15,658","11,452","-4,206","-1,135","-3,071",464,550,86,12,74,"12,979","18,220","5,241","1,364","3,877"
218,NTA2020,Queens,QN1102,Bayside,0,"34,742","35,588",846,963,-117,"3,595","4,163",568,339,229,"15,182","11,708","-3,474",-565,"-2,909",943,806,-137,4,-141,"14,449","18,076","3,627","1,151","2,476"
219,NTA2020,Queens,QN1103,Douglaston-Little Neck,0,"24,739","25,262",523,-109,632,"2,015","2,488",473,172,301,"13,195","10,340","-2,855","-1,006","-1,849",317,408,91,15,76,"8,818","11,354","2,536",694,"1,842"
220,NTA2020,Queens,QN1104,Oakland Gardens-Hollis Hills,0,"23,494","25,249","1,755",463,"1,292","2,037","2,712",675,185,490,"10,878","8,487","-2,391",-607,"-1,784",673,881,208,30,178,"9,492","12,329","2,837",854,"1,983"
221,NTA2020,Queens,QN1191,Alley Pond Park,9,72,85,13,-1,14,8,16,8,0,8,57,63,6,-1,7,6,0,-6,0,-6,1,4,3,0,3
222,NTA2020,Queens,QN1201,Jamaica,0,"53,883","60,993","7,110","6,437",673,"21,254","20,859",-395,"3,076","-3,471","2,068","2,001",-67,-36,-31,"11,702","10,614","-1,088",418,"-1,506","13,298","21,263","7,965","2,911","5,054"
223,NTA2020,Queens,QN1202,South Jamaica,0,"36,938","44,401","7,463","3,209","4,254","5,749","8,039","2,290",976,"1,314",352,514,162,46,116,"26,449","23,161","-3,288","1,250","-4,538","1,964","7,240","5,276",862,"4,414"
224,NTA2020,Queens,QN1203,Baisley Park,0,"37,699","43,090","5,391","2,643","2,748","4,107","6,074","1,967",657,"1,310",307,611,304,93,211,"29,332","25,894","-3,438","1,120","-4,558","1,619","3,804","2,185",684,"1,501"
225,NTA2020,Queens,QN1204,Springfield Gardens (North)-Rochdale Village,0,"28,537","32,883","4,346","1,203","3,143","1,972","2,985","1,013",292,721,215,353,138,41,97,"25,320","26,651","1,331",740,591,235,699,464,98,366
226,NTA2020,Queens,QN1205,St. Albans,0,"47,831","51,816","3,985","1,635","2,350","3,004","4,882","1,878",380,"1,498",494,617,123,-94,217,"42,382","40,664","-1,718","1,120","-2,838",511,"1,764","1,253",218,"1,035"
227,NTA2020,Queens,QN1206,Hollis,0,"22,349","24,576","2,227","1,400",827,"3,268","3,671",403,371,32,604,658,54,-95,149,"12,281","11,062","-1,219",488,"-1,707","3,458","5,426","1,968",611,"1,357"
228,NTA2020,Queens,QN1301,Glen Oaks-Floral Park-New Hyde Park,0,"22,571","23,364",793,-759,"1,552","2,082","2,551",469,166,303,"10,914","8,334","-2,580","-1,793",-787,"1,034","1,161",127,18,109,"7,576","10,190","2,614",849,"1,765"
229,NTA2020,Queens,QN1302,Bellerose,0,"25,287","26,566","1,279","1,040",239,"4,078","4,406",328,359,-31,"7,974","5,430","-2,544",-733,"-1,811","1,882","2,144",262,103,159,"9,821","12,942","3,121","1,295","1,826"
230,NTA2020,Queens,QN1303,Queens Village,0,"52,734","54,345","1,611","2,909","-1,298","9,811","9,585",-226,767,-993,"3,385","2,456",-929,-311,-618,"25,484","22,922","-2,562","1,063","-3,625","9,026","12,071","3,045","1,322","1,723"
231,NTA2020,Queens,QN1304,Cambria Heights,0,"18,677","19,081",404,356,48,964,"1,304",340,75,265,259,272,13,5,8,"16,862","16,121",-741,249,-990,157,259,102,46,56
232,NTA2020,Queens,QN1305,Laurelton,0,"24,453","26,088","1,635",794,841,"1,340","1,939",599,112,487,358,350,-8,-19,11,"22,021","21,842",-179,627,-806,167,234,67,62,5
233,NTA2020,Queens,QN1306,Springfield Gardens (South)-Brookville,0,"20,170","23,103","2,933","1,611","1,322","1,738","2,261",523,247,276,397,429,32,25,7,"17,056","18,164","1,108","1,195",-87,385,613,228,115,113
234,NTA2020,Queens,QN1307,Rosedale,0,"25,025","27,101","2,076","1,834",242,"2,342","2,923",581,242,339,"1,334",930,-404,-150,-254,"19,995","20,706",711,"1,604",-893,556,639,83,97,-14
235,NTA2020,Queens,QN1371,Montefiore Cemetery,7,1,0,-1,0,-1,0,0,0,0,0,0,0,0,0,0,1,0,-1,0,-1,0,0,0,0,0
236,NTA2020,Queens,QN1401,Far Rockaway-Bayswater,0,"53,861","58,648","4,787","4,687",100,"13,442","15,593","2,151","1,939",212,"13,100","13,758",658,"1,373",-715,"24,515","24,218",-297,"1,336","-1,633","1,017","1,401",384,141,243
237,NTA2020,Queens,QN1402,Rockaway Beach-Arverne-Edgemere,0,"36,462","41,367","4,905","1,788","3,117","8,716","10,471","1,755",883,872,"6,171","6,824",653,-503,"1,156","19,325","19,712",387,"1,283",-896,"1,111","1,756",645,160,485
238,NTA2020,Queens,QN1403,Breezy Point-Belle Harbor-Rockaway Park-Broad Channel,0,"24,638","24,134",-504,-857,353,"1,940","2,521",581,155,426,"21,175","19,590","-1,585",-886,-699,823,936,113,-118,231,427,396,-31,36,-67
239,NTA2020,Queens,QN1491,Rockaway Community Park,9,0,12,12,-1,13,0,7,7,1,6,0,0,0,-1,1,0,1,1,-1,2,0,0,0,0,0
240,NTA2020,Queens,QN8081,LaGuardia Airport,8,0,0,0,-1,1,0,0,0,-1,1,0,0,0,0,0,0,0,0,0,0,0,0,0,0,0
241,NTA2020,Queens,QN8191,Flushing Meadows-Corona Park,9,56,44,-12,-40,28,20,17,-3,-4,1,14,3,-11,-14,3,16,13,-3,-11,8,6,3,-3,1,-4
242,NTA2020,Queens,QN8291,Forest Park,9,113,4,-109,4,-113,19,3,-16,4,-20,85,1,-84,0,-84,0,0,0,0,0,9,0,-9,0,-9
243,NTA2020,Queens,QN8381,John F. Kennedy International Airport,8,0,2,2,1,1,0,0,0,0,0,0,0,0,0,0,0,1,1,1,0,0,0,0,0,0
244,NTA2020,Queens,QN8491,Jamaica Bay (East),9,0,0,0,4,-4,0,0,0,2,-2,0,0,0,1,-1,0,0,0,1,-1,0,0,0,0,0
245,NTA2020,Queens,QN8492,Jacob Riis Park-Fort Tilden-Breezy Point Tip,9,17,24,7,-7,14,4,1,-3,-1,-2,13,17,4,-4,8,0,5,5,-2,7,0,0,0,0,0
246,NTA2020,Staten Island,SI0101,St. George-New Brighton,0,"18,774","20,549","1,775","1,077",698,"5,744","7,049","1,305",741,564,"4,754","4,394",-360,-240,-120,"6,622","6,561",-61,463,-524,967,"1,471",504,92,412
247,NTA2020,Staten Island,SI0102,Tompkinsville-Stapleton-Clifton-Fox Hills,0,"16,192","19,027","2,835","1,150","1,685","6,211","7,363","1,152",971,181,"3,035","3,006",-29,-352,323,"5,452","6,031",579,433,146,"1,061","1,828",767,104,663
248,NTA2020,Staten Island,SI0103,Rosebank-Shore Acres-Park Hill,0,"23,259","25,510","2,251","1,875",376,"5,549","6,539",990,718,272,"8,161","6,988","-1,173",19,"-1,192","5,651","5,553",-98,727,-825,"3,415","5,627","2,212",381,"1,831"
249,NTA2020,Staten Island,SI0104,West New Brighton-Silver Lake-Grymes Hill,0,"35,484","37,010","1,526","1,663",-137,"7,987","9,771","1,784","1,122",662,"18,653","16,673","-1,980",-266,"-1,714","5,888","6,116",228,566,-338,"2,126","2,975",849,227,622
250,NTA2020,Staten Island,SI0105,Westerleigh-Castleton Corners,0,"29,816","31,458","1,642",676,966,"3,863","5,231","1,368",478,890,"22,605","20,885","-1,720",-107,"-1,613",722,855,133,51,82,"2,060","3,505","1,445",234,"1,211"
251,NTA2020,Staten Island,SI0106,Port Richmond,0,"20,754","22,609","1,855","1,906",-51,"9,657","11,091","1,434","1,572",-138,"4,904","3,989",-915,-143,-772,"4,830","5,124",294,324,-30,784,"1,567",783,118,665
252,NTA2020,Staten Island,SI0107,Mariner's Harbor-Arlington-Graniteville,0,"31,474","33,492","2,018","2,516",-498,"11,042","11,910",868,"1,370",-502,"7,412","6,618",-794,-96,-698,"9,455","9,853",398,894,-496,"2,698","3,659",961,292,669
253,NTA2020,Staten Island,SI0191,Snug Harbor,9,3,8,5,0,5,2,1,-1,0,-1,1,7,6,0,6,0,0,0,0,0,0,0,0,0,0
254,NTA2020,Staten Island,SI0201,Grasmere-Arrochar-South Beach-Dongan Hills,0,"34,425","36,259","1,834",718,"1,116","5,400","6,039",639,595,44,"23,827","20,914","-2,913",-453,"-2,460","1,412","1,828",416,158,258,"3,109","6,499","3,390",379,"3,011"
255,NTA2020,Staten Island,SI0202,New Dorp-Midland Beach,0,"27,623","29,083","1,460",874,586,"3,669","4,221",552,446,106,"21,665","19,149","-2,516",141,"-2,657",307,432,125,45,80,"1,615","4,507","2,892",217,"2,675"
256,NTA2020,Staten Island,SI0203,Todt Hill-Emerson Hill-Lighthouse Hill-Manor Heights,0,"30,851","32,822","1,971",-273,"2,244","3,087","3,420",333,179,154,"20,602","20,597",-5,-819,814,"1,297","1,348",51,-17,68,"5,191","6,486","1,295",365,930
257,NTA2020,Staten Island,SI0204,New Springville-Willowbrook-Bulls Head-Travis,0,"39,310","42,871","3,561","1,571","1,990","5,282","6,537","1,255",629,626,"27,414","25,502","-1,912",393,"-2,305",936,"1,295",359,58,301,"5,049","8,401","3,352",452,"2,900"
258,NTA2020,Staten Island,SI0291,Freshkills Park (North),9,53,15,-38,0,-38,16,6,-10,0,-10,33,4,-29,0,-29,0,3,3,0,3,4,0,-4,0,-4
259,NTA2020,Staten Island,SI0301,Oakwood-Richmondtown,0,"22,049","22,388",339,-30,369,"2,209","2,523",314,169,145,"18,416","16,322","-2,094",-398,"-1,696",282,581,299,45,254,905,"2,366","1,461",148,"1,313"
260,NTA2020,Staten Island,SI0302,Great Kills-Eltingville,0,"52,868","54,699","1,831",674,"1,157","4,096","5,571","1,475",385,"1,090","46,248","43,582","-2,666",38,"-2,704",224,316,92,41,51,"1,763","4,076","2,313",184,"2,129"
261,NTA2020,Staten Island,SI0303,Arden Heights-Rossville,0,"29,916","30,683",767,"1,510",-743,"3,004","3,945",941,317,624,"24,185","22,611","-1,574",998,"-2,572",404,457,53,21,32,"1,988","2,934",946,148,798
262,NTA2020,Staten Island,SI0304,Annadale-Huguenot-Prince's Bay-Woodrow,0,"38,160","40,534","2,374","1,375",999,"2,469","3,655","1,186",273,913,"33,599","33,263",-336,942,"-1,278",224,299,75,15,60,"1,518","2,372",854,121,733
263,NTA2020,Staten Island,SI0305,Tottenville-Charleston,0,"16,860","16,089",-771,412,"-1,183","1,553","1,891",338,172,166,"14,142","13,186",-956,203,"-1,159",532,136,-396,-6,-390,423,439,16,23,-7
264,NTA2020,Staten Island,SI0391,Freshkills Park (South),9,97,95,-2,9,-11,44,35,-9,2,-11,38,31,-7,6,-13,0,2,2,1,1,15,19,4,0,4
265,NTA2020,Staten Island,SI9561,Fort Wadsworth,6,731,495,-236,120,-356,157,154,-3,29,-32,463,238,-225,72,-297,68,40,-28,6,-34,6,15,9,5,4
266,NTA2020,Staten Island,SI9591,Hoffman & Swinburne Islands,9,0,0,0,0,0,0,0,0,0,0,0,0,0,0,0,0,0,0,0,0,0,0,0,0,0
267,NTA2020,Staten Island,SI9592,Miller Field,9,31,46,15,-1,16,10,8,-2,0,-2,12,19,7,0,7,7,5,-2,-1,-1,0,7,7,0,7
268,NTA2020,Staten Island,SI9593,Great Kills Park,9,0,5,5,0,5,0,0,0,0,0,0,3,3,0,3,0,0,0,0,0,0,0,0,0,0